and_depth,trial,n_vars,n_ands,n_ors,n_nots,peak_mul,peak_conv,peak_gap,peak_ratio,final_mul,final_conv,final_gap,final_ratio,mul_nodes,conv_nodes,mul_peak_supp,conv_peak_supp,has_gap,formula_len
1,0,10,1,21,12,2.984375,2.984375,0.0,1.0,1.984375,1.984375,0.0,1.0,269,269,128,128,0,148
1,1,10,1,12,6,2.875,2.875,0.0,1.0,1.9375,1.9375,0.0,1.0,155,155,17,17,0,85
1,2,10,1,14,9,2.9375,2.9375,0.0,1.0,1.0,1.0,0.0,1.0,187,187,33,33,0,104
1,3,10,1,16,6,2.984375,2.984375,0.0,1.0,1.9375,1.9375,0.0,1.0,195,195,128,128,0,105
1,4,10,1,15,8,2.75,2.75,0.0,1.0,1.0,1.0,0.0,1.0,193,193,9,9,0,106
1,5,10,1,15,12,2.984375,2.984375,0.0,1.0,1.875,1.875,0.0,1.0,209,209,128,128,0,118
1,6,10,1,14,9,2.0,2.0,0.0,1.0,1.0,1.0,0.0,1.0,187,187,2,2,0,104
1,7,10,1,20,12,2.9375,2.9375,0.0,1.0,1.0,1.0,0.0,1.0,259,259,32,32,0,143
1,8,10,1,15,8,2.875,2.875,0.0,1.0,1.0,1.0,0.0,1.0,193,193,16,16,0,106
1,9,10,1,18,8,2.9375,2.9375,0.0,1.0,1.0,1.0,0.0,1.0,223,223,33,33,0,121
1,10,10,1,18,13,2.875,2.875,0.0,1.0,1.0,1.0,0.0,1.0,243,243,16,16,0,136
1,11,10,1,18,10,2.875,2.875,0.0,1.0,1.875,1.875,0.0,1.0,231,231,16,16,0,127
1,12,10,1,23,14,2.96875,2.96875,0.0,1.0,1.0,1.0,0.0,1.0,297,297,64,64,0,164
1,13,10,1,9,4,2.75,2.75,0.0,1.0,1.875,1.875,0.0,1.0,117,117,9,9,0,64
1,14,10,1,17,13,2.875,2.875,0.0,1.0,1.0,1.0,0.0,1.0,233,233,17,17,0,131
1,15,10,1,26,10,2.96875,2.96875,0.0,1.0,1.96875,1.96875,0.0,1.0,311,311,64,64,0,167
1,16,10,1,18,14,2.875,2.875,0.0,1.0,1.0,1.0,0.0,1.0,247,247,16,16,0,139
1,17,10,1,17,13,2.875,2.875,0.0,1.0,1.9375,1.9375,0.0,1.0,233,233,17,17,0,131
1,18,10,1,13,7,2.875,2.875,0.0,1.0,1.875,1.875,0.0,1.0,169,169,16,16,0,93
1,19,10,1,25,14,2.99609375,2.99609375,0.0,1.0,1.99609375,1.99609375,0.0,1.0,317,317,512,512,0,174
1,20,10,1,20,8,2.96875,2.96875,0.0,1.0,1.96875,1.96875,0.0,1.0,243,243,64,64,0,131
1,21,10,1,8,5,2.9375,2.9375,0.0,1.0,1.96875,1.96875,0.0,1.0,111,111,33,33,0,62
1,22,10,1,10,5,2.9375,2.9375,0.0,1.0,1.96875,1.96875,0.0,1.0,131,131,32,32,0,72
1,23,10,1,11,4,2.9609375,3.1796875,-0.21875,0.931204,2.9609375,3.1796875,-0.21875,0.931204,137,137,164,256,1,74
1,24,10,1,13,5,3.1533203125,2.984375,0.1689453125,1.05661,3.1533203125,2.8515625,0.3017578125,1.105822,161,161,1024,128,1,87
1,25,10,1,19,10,2.96875,2.96875,0.0,1.0,1.96875,1.96875,0.0,1.0,241,241,64,64,0,132
1,26,10,1,16,8,2.75,2.75,0.0,1.0,1.0,1.0,0.0,1.0,203,203,9,9,0,111
1,27,10,1,11,3,2.96875,2.96875,0.0,1.0,1.984375,1.984375,0.0,1.0,133,133,65,65,0,71
1,28,10,1,16,11,2.96875,2.96875,0.0,1.0,1.984375,1.984375,0.0,1.0,215,215,65,65,0,120
1,29,10,1,19,11,2.9375,2.9375,0.0,1.0,1.0,1.0,0.0,1.0,245,245,32,32,0,135
1,30,10,1,8,5,2.75,2.75,0.0,1.0,1.875,1.875,0.0,1.0,111,111,9,9,0,62
1,31,10,1,13,9,2.96875,2.96875,0.0,1.0,1.875,1.875,0.0,1.0,177,177,64,64,0,99
1,32,10,1,12,9,2.75,2.75,0.0,1.0,1.875,1.875,0.0,1.0,167,167,9,9,0,94
1,33,10,1,20,13,2.96875,2.96875,0.0,1.0,1.0,1.0,0.0,1.0,263,263,65,65,0,146
1,34,10,1,21,15,2.75,2.75,0.0,1.0,1.0,1.0,0.0,1.0,281,281,9,9,0,157
1,35,10,1,12,10,2.875,2.875,0.0,1.0,1.9375,1.9375,0.0,1.0,171,171,17,17,0,97
1,36,10,1,20,13,2.5,2.5,0.0,1.0,1.0,1.0,0.0,1.0,263,263,4,4,0,146
1,37,10,1,16,8,2.9921875,2.9921875,0.0,1.0,1.9375,1.9375,0.0,1.0,203,203,256,256,0,111
1,38,10,1,15,9,2.875,2.875,0.0,1.0,1.0,1.0,0.0,1.0,197,197,17,17,0,109
1,39,10,1,11,4,2.9375,2.9375,0.0,1.0,1.9375,1.9375,0.0,1.0,137,137,32,32,0,74
1,40,10,1,17,8,2.9375,2.9375,0.0,1.0,1.9375,1.9375,0.0,1.0,213,213,33,33,0,116
1,41,10,1,11,6,2.96875,2.96875,0.0,1.0,1.96875,1.96875,0.0,1.0,145,145,64,64,0,80
1,42,10,1,16,8,2.875,2.875,0.0,1.0,1.9375,1.9375,0.0,1.0,203,203,17,17,0,111
1,43,10,1,16,12,2.875,2.875,0.0,1.0,1.0,1.0,0.0,1.0,219,219,16,16,0,123
1,44,10,1,13,9,2.984375,2.984375,0.0,1.0,2.87109375,2.8359375,0.03515625,1.012397,177,177,129,129,1,99
1,45,10,1,22,6,2.875,2.875,0.0,1.0,1.0,1.0,0.0,1.0,255,255,17,17,0,135
1,46,10,1,12,7,2.75,2.75,0.0,1.0,1.0,1.0,0.0,1.0,159,159,9,9,0,88
1,47,10,1,23,15,2.75,2.75,0.0,1.0,1.0,1.0,0.0,1.0,301,301,9,9,0,167
1,48,10,1,17,8,2.75,2.75,0.0,1.0,1.0,1.0,0.0,1.0,213,213,8,8,0,116
1,49,10,1,19,12,2.9921875,2.9921875,0.0,1.0,1.9921875,1.9921875,0.0,1.0,249,249,256,256,0,138
1,50,10,1,18,11,2.96875,2.96875,0.0,1.0,1.984375,1.984375,0.0,1.0,235,235,65,65,0,130
1,51,10,1,15,5,3.275390625,3.55078125,-0.275390625,0.922442,3.275390625,3.55078125,-0.275390625,0.922442,181,181,512,512,1,97
1,52,10,1,18,12,2.875,2.875,0.0,1.0,1.0,1.0,0.0,1.0,239,239,16,16,0,133
1,53,10,1,16,7,2.96875,2.96875,0.0,1.0,1.96875,1.96875,0.0,1.0,199,199,64,64,0,108
1,54,10,1,20,9,2.99609375,2.99609375,0.0,1.0,1.0,1.0,0.0,1.0,247,247,512,512,0,134
1,55,10,1,19,10,2.96875,2.96875,0.0,1.0,1.96875,1.96875,0.0,1.0,241,241,64,64,0,132
1,56,10,1,16,12,2.96875,3.1796875,-0.2109375,0.933661,2.9609375,3.1796875,-0.21875,0.931204,219,219,64,256,1,123
1,57,10,1,10,7,2.875,2.875,0.0,1.0,1.875,1.875,0.0,1.0,139,139,17,17,0,78
1,58,10,1,16,9,2.75,2.75,0.0,1.0,1.0,1.0,0.0,1.0,207,207,9,9,0,114
1,59,10,1,15,9,2.9375,2.9375,0.0,1.0,1.96875,1.96875,0.0,1.0,197,197,33,33,0,109
1,60,10,1,12,4,2.75,2.75,0.0,1.0,1.875,1.875,0.0,1.0,147,147,9,9,0,79
1,61,10,1,19,11,2.9375,2.9375,0.0,1.0,1.96875,1.96875,0.0,1.0,245,245,32,32,0,135
1,62,10,1,19,14,2.875,2.875,0.0,1.0,1.0,1.0,0.0,1.0,257,257,17,17,0,144
1,63,10,1,18,9,2.875,2.875,0.0,1.0,1.0,1.0,0.0,1.0,227,227,17,17,0,124
1,64,10,1,22,15,2.99609375,2.99609375,0.0,1.0,1.0,1.0,0.0,1.0,291,291,512,512,0,162
1,65,10,1,20,12,2.0,2.0,0.0,1.0,1.0,1.0,0.0,1.0,259,259,2,2,0,143
1,66,10,1,13,9,2.9375,2.9375,0.0,1.0,1.96875,1.96875,0.0,1.0,177,177,33,33,0,99
1,67,10,1,13,8,2.75,2.75,0.0,1.0,1.0,1.0,0.0,1.0,173,173,9,9,0,96
1,68,10,1,11,9,2.9375,2.9375,0.0,1.0,1.96875,1.96875,0.0,1.0,157,157,33,33,0,89
1,69,10,1,16,11,2.9375,2.9375,0.0,1.0,1.0,1.0,0.0,1.0,215,215,33,33,0,120
1,70,10,1,23,13,2.875,2.875,0.0,1.0,1.0,1.0,0.0,1.0,293,293,16,16,0,161
1,71,10,1,16,4,2.984375,2.984375,0.0,1.0,1.984375,1.984375,0.0,1.0,187,187,128,128,0,99
1,72,10,1,19,10,2.75,2.75,0.0,1.0,1.0,1.0,0.0,1.0,241,241,9,9,0,132
1,73,10,1,12,6,2.875,2.875,0.0,1.0,1.875,1.875,0.0,1.0,155,155,17,17,0,85
1,74,10,1,11,8,2.9375,2.9375,0.0,1.0,1.9375,1.9375,0.0,1.0,153,153,32,32,0,86
1,75,10,1,22,10,2.9375,2.9375,0.0,1.0,1.0,1.0,0.0,1.0,271,271,32,32,0,147
1,76,10,1,13,7,2.9921875,2.9921875,0.0,1.0,1.9921875,1.9921875,0.0,1.0,169,169,256,256,0,93
1,77,10,1,13,8,2.75,2.75,0.0,1.0,1.0,1.0,0.0,1.0,173,173,9,9,0,96
1,78,10,1,18,12,2.875,2.875,0.0,1.0,1.0,1.0,0.0,1.0,239,239,17,17,0,133
1,79,10,1,21,12,2.984375,2.984375,0.0,1.0,1.0,1.0,0.0,1.0,269,269,129,129,0,148
1,80,10,1,11,9,2.875,2.875,0.0,1.0,1.0,1.0,0.0,1.0,157,157,16,16,0,89
1,81,10,1,11,10,2.875,2.875,0.0,1.0,1.9375,1.9375,0.0,1.0,161,161,17,17,0,92
1,82,10,1,21,12,2.96875,2.96875,0.0,1.0,1.0,1.0,0.0,1.0,269,269,64,64,0,148
1,83,10,1,22,17,2.9921875,2.9921875,0.0,1.0,1.9921875,1.9921875,0.0,1.0,299,299,256,256,0,168
1,84,10,1,11,9,2.96875,2.96875,0.0,1.0,2.90625,2.8046875,0.1015625,1.036212,157,157,64,64,1,89
1,85,10,1,16,6,2.96875,2.96875,0.0,1.0,1.0,1.0,0.0,1.0,195,195,65,65,0,105
1,86,10,1,11,11,3.515625,3.515625,0.0,1.0,3.515625,3.515625,0.0,1.0,165,165,256,256,0,95
1,87,10,1,13,7,2.875,2.875,0.0,1.0,1.0,1.0,0.0,1.0,169,169,16,16,0,93
1,88,10,1,21,17,2.96875,2.96875,0.0,1.0,1.0,1.0,0.0,1.0,289,289,65,65,0,163
1,89,10,1,11,7,2.9375,2.9375,0.0,1.0,1.75,1.75,0.0,1.0,149,149,33,33,0,83
1,90,10,1,9,5,2.875,2.875,0.0,1.0,1.9375,1.9375,0.0,1.0,121,121,17,17,0,67
1,91,10,1,13,4,2.875,2.875,0.0,1.0,1.9375,1.9375,0.0,1.0,157,157,17,17,0,84
1,92,10,1,17,8,2.875,2.875,0.0,1.0,1.0,1.0,0.0,1.0,213,213,17,17,0,116
1,93,10,1,19,10,2.96875,2.96875,0.0,1.0,1.984375,1.984375,0.0,1.0,241,241,64,64,0,132
1,94,10,1,20,8,2.875,2.875,0.0,1.0,1.0,1.0,0.0,1.0,243,243,17,17,0,131
1,95,10,1,21,8,2.9921875,2.9921875,0.0,1.0,1.9921875,1.9921875,0.0,1.0,253,253,256,256,0,136
1,96,10,1,17,12,2.75,2.75,0.0,1.0,1.0,1.0,0.0,1.0,229,229,9,9,0,128
1,97,10,1,16,10,2.875,2.875,0.0,1.0,1.5,1.5,0.0,1.0,211,211,17,17,0,117
1,98,10,1,19,13,2.9375,2.9375,0.0,1.0,1.0,1.0,0.0,1.0,253,253,32,32,0,141
1,99,10,1,18,10,2.75,2.75,0.0,1.0,1.0,1.0,0.0,1.0,231,231,9,9,0,127
1,100,10,1,15,9,2.875,2.875,0.0,1.0,1.9375,1.9375,0.0,1.0,197,197,16,16,0,109
1,101,10,1,20,10,2.96875,2.96875,0.0,1.0,1.0,1.0,0.0,1.0,251,251,65,65,0,137
1,102,10,1,16,6,2.96875,2.96875,0.0,1.0,1.9375,1.9375,0.0,1.0,195,195,64,64,0,105
1,103,10,1,12,6,2.75,2.75,0.0,1.0,1.875,1.875,0.0,1.0,155,155,9,9,0,85
1,104,10,1,17,8,2.75,2.75,0.0,1.0,1.0,1.0,0.0,1.0,213,213,8,8,0,116
1,105,10,1,24,12,2.9375,2.9375,0.0,1.0,1.0,1.0,0.0,1.0,299,299,32,32,0,163
1,106,10,1,26,11,2.9375,2.9375,0.0,1.0,1.0,1.0,0.0,1.0,315,315,33,33,0,170
1,107,10,1,24,12,2.9375,2.9375,0.0,1.0,1.0,1.0,0.0,1.0,299,299,33,33,0,163
1,108,10,1,20,15,2.96875,2.96875,0.0,1.0,1.0,1.0,0.0,1.0,271,271,65,65,0,152
1,109,10,1,18,12,2.875,2.875,0.0,1.0,1.0,1.0,0.0,1.0,239,239,17,17,0,133
1,110,10,1,14,10,2.875,2.875,0.0,1.0,1.875,1.875,0.0,1.0,191,191,16,16,0,107
1,111,10,1,15,10,2.875,2.875,0.0,1.0,1.75,1.75,0.0,1.0,201,201,17,17,0,112
1,112,10,1,11,3,2.9375,2.9375,0.0,1.0,1.875,1.875,0.0,1.0,133,133,32,32,0,71
1,113,10,1,17,12,2.984375,2.984375,0.0,1.0,1.9921875,1.9921875,0.0,1.0,229,229,129,129,0,128
1,114,10,1,10,3,2.9375,2.9375,0.0,1.0,1.96875,1.96875,0.0,1.0,123,123,33,33,0,66
1,115,10,1,20,11,2.984375,2.984375,0.0,1.0,1.9921875,1.9921875,0.0,1.0,255,255,129,129,0,140
1,116,10,1,17,7,2.96875,2.96875,0.0,1.0,1.0,1.0,0.0,1.0,209,209,64,64,0,113
1,117,10,1,16,9,2.75,2.75,0.0,1.0,1.0,1.0,0.0,1.0,207,207,9,9,0,114
1,118,10,1,24,13,2.96875,2.96875,0.0,1.0,1.0,1.0,0.0,1.0,303,303,64,64,0,166
1,119,10,1,14,10,2.96875,2.96875,0.0,1.0,1.984375,1.984375,0.0,1.0,191,191,65,65,0,107
1,120,10,1,14,10,2.5,2.5,0.0,1.0,1.0,1.0,0.0,1.0,191,191,5,5,0,107
1,121,10,1,15,11,2.96875,2.96875,0.0,1.0,1.0,1.0,0.0,1.0,205,205,64,64,0,115
1,122,10,1,24,14,2.9921875,2.9921875,0.0,1.0,1.0,1.0,0.0,1.0,307,307,256,256,0,169
1,123,10,1,16,7,2.984375,2.984375,0.0,1.0,2.8088378906,2.734375,0.0744628906,1.027232,199,199,129,129,1,108
1,124,10,1,16,9,2.9375,2.9375,0.0,1.0,1.0,1.0,0.0,1.0,207,207,33,33,0,114
1,125,10,1,22,15,2.96875,2.96875,0.0,1.0,1.0,1.0,0.0,1.0,291,291,64,64,0,162
1,126,10,1,14,10,2.96875,2.96875,0.0,1.0,2.7265625,2.71875,0.0078125,1.002874,191,191,64,64,1,107
1,127,10,1,11,6,2.9375,2.9375,0.0,1.0,1.875,1.875,0.0,1.0,145,145,33,33,0,80
1,128,10,1,8,3,2.875,2.875,0.0,1.0,2.5625,2.5625,0.0,1.0,103,103,17,17,0,56
1,129,10,1,19,9,2.875,2.875,0.0,1.0,1.0,1.0,0.0,1.0,237,237,17,17,0,129
1,130,10,1,20,10,2.875,2.875,0.0,1.0,1.0,1.0,0.0,1.0,251,251,17,17,0,137
1,131,10,1,15,5,2.9375,2.9375,0.0,1.0,1.96875,1.96875,0.0,1.0,181,181,33,33,0,97
1,132,10,1,15,12,2.96875,2.96875,0.0,1.0,1.984375,1.984375,0.0,1.0,209,209,64,64,0,118
1,133,10,1,20,9,2.96875,2.96875,0.0,1.0,1.0,1.0,0.0,1.0,247,247,64,64,0,134
1,134,10,1,23,12,2.9375,2.9375,0.0,1.0,1.0,1.0,0.0,1.0,289,289,33,33,0,158
1,135,10,1,16,10,2.96875,2.96875,0.0,1.0,1.96875,1.96875,0.0,1.0,211,211,64,64,0,117
1,136,10,1,13,8,2.75,2.75,0.0,1.0,1.875,1.875,0.0,1.0,173,173,8,8,0,96
1,137,10,1,21,7,2.984375,2.984375,0.0,1.0,1.984375,1.984375,0.0,1.0,249,249,128,128,0,133
1,138,10,1,20,15,2.0,2.0,0.0,1.0,1.0,1.0,0.0,1.0,271,271,2,2,0,152
1,139,10,1,7,1,2.5,2.5,0.0,1.0,2.0,2.0,0.0,1.0,85,85,4,4,0,45
1,140,10,1,14,7,2.875,2.875,0.0,1.0,1.0,1.0,0.0,1.0,179,179,16,16,0,98
1,141,10,1,21,11,2.984375,2.984375,0.0,1.0,1.0,1.0,0.0,1.0,265,265,128,128,0,145
1,142,10,1,18,9,2.9921875,2.9921875,0.0,1.0,1.0,1.0,0.0,1.0,227,227,257,257,0,124
1,143,10,1,24,11,2.9375,2.9375,0.0,1.0,1.0,1.0,0.0,1.0,295,295,32,32,0,160
1,144,10,1,11,7,2.875,2.875,0.0,1.0,1.0,1.0,0.0,1.0,149,149,17,17,0,83
1,145,10,1,18,3,2.96875,2.96875,0.0,1.0,1.0,1.0,0.0,1.0,203,203,65,65,0,106
1,146,10,1,14,9,2.5,2.5,0.0,1.0,1.0,1.0,0.0,1.0,187,187,4,4,0,104
1,147,10,1,20,14,2.75,2.75,0.0,1.0,1.0,1.0,0.0,1.0,267,267,9,9,0,149
1,148,10,1,19,10,2.96875,2.96875,0.0,1.0,1.0,1.0,0.0,1.0,241,241,64,64,0,132
1,149,10,1,17,9,2.875,2.875,0.0,1.0,1.0,1.0,0.0,1.0,217,217,16,16,0,119
1,150,10,1,17,8,2.96875,2.96875,0.0,1.0,1.0,1.0,0.0,1.0,213,213,65,65,0,116
1,151,10,1,15,7,2.75,2.75,0.0,1.0,1.875,1.875,0.0,1.0,189,189,9,9,0,103
1,152,10,1,16,7,2.875,2.875,0.0,1.0,1.9375,1.9375,0.0,1.0,199,199,17,17,0,108
1,153,10,1,22,12,2.96875,2.96875,0.0,1.0,1.0,1.0,0.0,1.0,279,279,65,65,0,153
1,154,10,1,14,9,2.9375,2.9375,0.0,1.0,1.9375,1.9375,0.0,1.0,187,187,32,32,0,104
1,155,10,1,14,7,2.875,2.875,0.0,1.0,1.875,1.875,0.0,1.0,179,179,16,16,0,98
1,156,10,1,8,7,2.875,2.875,0.0,1.0,1.875,1.875,0.0,1.0,119,119,16,16,0,68
1,157,10,1,18,9,2.875,2.875,0.0,1.0,1.0,1.0,0.0,1.0,227,227,17,17,0,124
1,158,10,1,11,8,2.9375,2.9375,0.0,1.0,1.0,1.0,0.0,1.0,153,153,32,32,0,86
1,159,10,1,11,6,2.9375,2.9375,0.0,1.0,1.9375,1.9375,0.0,1.0,145,145,33,33,0,80
1,160,10,1,13,9,2.96875,2.96875,0.0,1.0,2.80078125,2.796875,0.00390625,1.001397,177,177,64,64,1,99
1,161,10,1,18,11,2.9375,2.9375,0.0,1.0,1.9375,1.9375,0.0,1.0,235,235,32,32,0,130
1,162,10,1,11,3,2.9375,2.9375,0.0,1.0,1.96875,1.96875,0.0,1.0,133,133,33,33,0,71
1,163,10,1,12,8,2.9375,2.9375,0.0,1.0,1.96875,1.96875,0.0,1.0,163,163,33,33,0,91
1,164,10,1,19,15,2.9375,2.9375,0.0,1.0,1.96875,1.96875,0.0,1.0,261,261,32,32,0,147
1,165,10,1,15,6,2.75,2.75,0.0,1.0,1.875,1.875,0.0,1.0,185,185,9,9,0,100
1,166,10,1,9,6,2.875,2.875,0.0,1.0,1.75,1.75,0.0,1.0,125,125,17,17,0,70
1,167,10,1,16,5,2.96875,2.96875,0.0,1.0,1.0,1.0,0.0,1.0,191,191,64,64,0,102
1,168,10,1,26,13,2.875,2.875,0.0,1.0,1.0,1.0,0.0,1.0,323,323,17,17,0,176
1,169,10,1,12,9,2.9375,2.9375,0.0,1.0,1.875,1.875,0.0,1.0,167,167,32,32,0,94
1,170,10,1,15,6,2.9921875,2.9921875,0.0,1.0,1.99609375,1.99609375,0.0,1.0,185,185,256,256,0,100
1,171,10,1,14,8,2.875,2.875,0.0,1.0,1.0,1.0,0.0,1.0,183,183,17,17,0,101
1,172,10,1,13,9,2.96875,2.96875,0.0,1.0,1.9375,1.9375,0.0,1.0,177,177,64,64,0,99
1,173,10,1,19,13,2.75,2.75,0.0,1.0,1.0,1.0,0.0,1.0,253,253,9,9,0,141
1,174,10,1,14,7,2.9375,2.9375,0.0,1.0,1.0,1.0,0.0,1.0,179,179,32,32,0,98
1,175,10,1,24,15,2.875,2.875,0.0,1.0,1.0,1.0,0.0,1.0,311,311,17,17,0,172
1,176,10,1,14,8,2.75,2.75,0.0,1.0,1.0,1.0,0.0,1.0,183,183,9,9,0,101
1,177,10,1,12,8,2.875,2.875,0.0,1.0,1.9375,1.9375,0.0,1.0,163,163,17,17,0,91
1,178,10,1,19,10,2.96875,2.96875,0.0,1.0,1.0,1.0,0.0,1.0,241,241,65,65,0,132
1,179,10,1,17,10,2.75,2.75,0.0,1.0,1.0,1.0,0.0,1.0,221,221,9,9,0,122
1,180,10,1,7,4,2.84375,2.96875,-0.125,0.957895,2.84375,2.96875,-0.125,0.957895,97,97,44,64,1,54
1,181,10,1,12,6,2.5,2.5,0.0,1.0,1.0,1.0,0.0,1.0,155,155,5,5,0,85
1,182,10,1,12,9,2.875,2.875,0.0,1.0,1.5,1.5,0.0,1.0,167,167,17,17,0,94
1,183,10,1,21,14,2.984375,2.984375,0.0,1.0,1.984375,1.984375,0.0,1.0,277,277,128,128,0,154
1,184,10,1,17,9,2.875,2.875,0.0,1.0,1.875,1.875,0.0,1.0,217,217,16,16,0,119
1,185,10,1,13,6,2.875,2.875,0.0,1.0,1.0,1.0,0.0,1.0,165,165,17,17,0,90
1,186,10,1,21,12,2.75,2.75,0.0,1.0,1.0,1.0,0.0,1.0,269,269,9,9,0,148
1,187,10,1,11,6,2.75,2.75,0.0,1.0,1.875,1.875,0.0,1.0,145,145,9,9,0,80
1,188,10,1,17,6,2.875,2.875,0.0,1.0,1.0,1.0,0.0,1.0,205,205,16,16,0,110
1,189,10,1,24,16,2.5,2.5,0.0,1.0,1.0,1.0,0.0,1.0,315,315,5,5,0,175
1,190,10,1,11,5,2.875,2.875,0.0,1.0,1.875,1.875,0.0,1.0,141,141,16,16,0,77
1,191,10,1,14,8,2.75,2.75,0.0,1.0,1.875,1.875,0.0,1.0,183,183,9,9,0,101
1,192,10,1,20,14,2.5,2.5,0.0,1.0,1.0,1.0,0.0,1.0,267,267,5,5,0,149
1,193,10,1,11,6,2.5,2.5,0.0,1.0,1.0,1.0,0.0,1.0,145,145,5,5,0,80
1,194,10,1,20,13,2.96875,2.96875,0.0,1.0,1.0,1.0,0.0,1.0,263,263,64,64,0,146
1,195,10,1,21,12,2.875,2.875,0.0,1.0,1.0,1.0,0.0,1.0,269,269,17,17,0,148
1,196,10,1,14,10,2.875,2.875,0.0,1.0,1.9375,1.9375,0.0,1.0,191,191,16,16,0,107
1,197,10,1,12,6,2.75,2.75,0.0,1.0,1.875,1.875,0.0,1.0,155,155,9,9,0,85
1,198,10,1,11,6,2.75,2.75,0.0,1.0,1.0,1.0,0.0,1.0,145,145,9,9,0,80
1,199,10,1,13,6,2.9375,2.9375,0.0,1.0,1.96875,1.96875,0.0,1.0,165,165,32,32,0,90
2,0,10,3,27,16,2.96875,2.96875,0.0,1.0,1.875,1.875,0.0,1.0,357,357,65,65,0,200
2,1,10,3,41,13,2.984375,2.984375,0.0,1.0,1.9375,1.9375,0.0,1.0,485,485,128,128,0,261
2,2,10,3,32,21,2.96875,2.96875,0.0,1.0,2.75,2.703125,0.046875,1.017341,427,427,65,65,1,240
2,3,10,3,37,21,2.984375,2.984375,0.0,1.0,1.875,1.875,0.0,1.0,477,477,128,128,0,265
2,4,10,3,24,16,4.0334472656,3.8359375,0.1975097656,1.051489,4.0334472656,3.8359375,0.1975097656,1.051489,327,327,1024,304,1,185
2,5,10,3,35,15,2.9375,2.9375,0.0,1.0,1.96875,1.96875,0.0,1.0,433,433,33,33,0,237
2,6,10,3,38,15,2.875,2.875,0.0,1.0,1.0,1.0,0.0,1.0,463,463,17,17,0,252
2,7,10,3,44,25,2.984375,2.984375,0.0,1.0,1.0,1.0,0.0,1.0,563,563,129,129,0,312
2,8,10,3,22,15,3.9799804688,4.16796875,-0.1879882812,0.954897,3.9799804688,4.16796875,-0.1879882812,0.954897,303,303,460,512,1,172
2,9,10,3,38,29,2.984375,2.984375,0.0,1.0,2.958984375,2.7109375,0.248046875,1.091499,519,519,128,128,1,294
2,10,10,3,26,13,3.28125,3.28125,0.0,1.0,3.28125,3.28125,0.0,1.0,335,335,128,128,0,186
2,11,10,3,31,20,3.5234375,3.5546875,-0.03125,0.991209,3.5234375,3.5546875,-0.03125,0.991209,413,413,245,256,1,232
2,12,10,3,37,25,2.9921875,2.9921875,0.0,1.0,1.0,1.0,0.0,1.0,493,493,256,256,0,277
2,13,10,3,33,21,2.9921875,2.9921875,0.0,1.0,1.96875,1.96875,0.0,1.0,437,437,257,257,0,245
2,14,10,3,30,19,2.96875,2.96875,0.0,1.0,2.7109375,2.703125,0.0078125,1.00289,399,399,65,65,1,224
2,15,10,3,40,18,2.998046875,2.998046875,0.0,1.0,2.8479003906,2.857421875,-0.0095214844,0.996668,495,495,1024,1024,1,271
2,16,10,3,40,19,2.96875,2.96875,0.0,1.0,1.96875,1.96875,0.0,1.0,499,499,65,65,0,274
2,17,10,3,37,15,2.984375,2.984375,0.0,1.0,1.984375,1.984375,0.0,1.0,453,453,128,128,0,247
2,18,10,3,36,16,2.984375,2.984375,0.0,1.0,1.0,1.0,0.0,1.0,447,447,128,128,0,245
2,19,10,3,34,23,2.9375,2.9375,0.0,1.0,2.6953125,2.625,0.0703125,1.026786,455,455,32,32,1,256
2,20,10,3,31,14,2.875,2.875,0.0,1.0,1.875,1.875,0.0,1.0,389,389,17,17,0,214
2,21,10,3,26,15,3.9204101562,3.484375,0.4360351562,1.12514,3.9204101562,3.484375,0.4360351562,1.12514,343,343,512,176,1,192
2,22,10,3,32,13,2.96875,2.96875,0.0,1.0,1.984375,1.984375,0.0,1.0,395,395,65,65,0,216
2,23,10,3,39,29,3.0571289062,2.9921875,0.0649414062,1.021704,3.0571289062,2.8984375,0.1586914062,1.054751,529,529,1024,256,1,299
2,24,10,3,22,18,3.6328125,3.6328125,0.0,1.0,3.6328125,3.6328125,0.0,1.0,315,315,512,512,0,181
2,25,10,3,41,28,2.9375,2.9375,0.0,1.0,1.9375,1.9375,0.0,1.0,545,545,32,32,0,306
2,26,10,3,24,12,2.9375,2.9375,0.0,1.0,2.0625,2.0,0.0625,1.03125,311,311,33,33,1,173
2,27,10,3,31,20,2.9375,2.9375,0.0,1.0,1.96875,1.96875,0.0,1.0,413,413,33,33,0,232
2,28,10,3,31,19,2.75,2.75,0.0,1.0,1.0,1.0,0.0,1.0,409,409,8,8,0,229
2,29,10,3,31,20,2.875,2.875,0.0,1.0,1.9375,1.9375,0.0,1.0,413,413,16,16,0,232
2,30,10,3,30,19,2.96875,2.96875,0.0,1.0,1.875,1.875,0.0,1.0,399,399,65,65,0,224
2,31,10,3,32,17,2.9375,2.9375,0.0,1.0,1.96875,1.96875,0.0,1.0,411,411,33,33,0,228
2,32,10,3,31,21,2.984375,2.984375,0.0,1.0,1.984375,1.984375,0.0,1.0,417,417,128,128,0,235
2,33,10,3,33,15,2.984375,2.984375,0.0,1.0,1.9921875,1.9921875,0.0,1.0,413,413,129,129,0,227
2,34,10,3,35,18,2.96875,2.96875,0.0,1.0,1.75,1.75,0.0,1.0,445,445,64,64,0,246
2,35,10,3,25,15,2.9375,2.9375,0.0,1.0,2.734375,2.625,0.109375,1.041667,333,333,32,32,1,187
2,36,10,3,37,20,2.9375,2.9375,0.0,1.0,1.0,1.0,0.0,1.0,473,473,32,32,0,262
2,37,10,3,27,17,3.3486328125,3.697265625,-0.3486328125,0.905705,3.3486328125,3.697265625,-0.3486328125,0.905705,361,361,1024,1024,1,203
2,38,10,3,24,10,2.875,2.875,0.0,1.0,2.7421875,2.625,0.1171875,1.044643,303,303,17,17,1,167
2,39,10,3,32,24,2.984375,2.984375,0.0,1.0,2.806640625,2.8046875,0.001953125,1.000696,439,439,129,129,1,249
2,40,10,3,35,17,2.75,2.75,0.0,1.0,1.0,1.0,0.0,1.0,441,441,9,9,0,243
2,41,10,3,31,18,2.96875,2.96875,0.0,1.0,1.875,1.875,0.0,1.0,405,405,64,64,0,226
2,42,10,3,38,21,2.96875,2.96875,0.0,1.0,1.984375,1.984375,0.0,1.0,487,487,64,64,0,270
2,43,10,3,40,30,2.875,2.875,0.0,1.0,1.875,1.875,0.0,1.0,543,543,17,17,0,307
2,44,10,3,29,16,3.14453125,3.4140625,-0.26953125,0.921053,3.14453125,3.4140625,-0.26953125,0.921053,377,377,256,256,1,210
2,45,10,3,22,7,4.2795410156,4.59375,-0.3142089844,0.931601,4.2795410156,4.59375,-0.3142089844,0.931601,271,271,1024,640,1,148
2,46,10,3,23,13,2.875,2.875,0.0,1.0,1.875,1.875,0.0,1.0,305,305,17,17,0,171
2,47,10,3,45,29,2.96875,2.96875,0.0,1.0,1.0,1.0,0.0,1.0,589,589,64,64,0,329
2,48,10,3,44,25,2.9375,2.9375,0.0,1.0,1.0,1.0,0.0,1.0,563,563,32,32,0,312
2,49,10,3,30,15,2.875,2.875,0.0,1.0,1.9375,1.9375,0.0,1.0,383,383,17,17,0,212
2,50,10,3,34,20,2.96875,2.96875,0.0,1.0,1.0,1.0,0.0,1.0,443,443,64,64,0,247
2,51,10,3,18,10,2.9375,2.9375,0.0,1.0,1.875,1.875,0.0,1.0,243,243,32,32,0,137
2,52,10,3,40,27,2.9375,2.9375,0.0,1.0,1.0,1.0,0.0,1.0,531,531,32,32,0,298
2,53,10,3,33,15,2.9921875,2.9921875,0.0,1.0,2.966796875,2.7265625,0.240234375,1.088109,413,413,256,256,1,227
2,54,10,3,35,21,2.9921875,2.9921875,0.0,1.0,1.0,1.0,0.0,1.0,457,457,256,256,0,255
2,55,10,3,32,20,2.96875,2.96875,0.0,1.0,1.96875,1.96875,0.0,1.0,423,423,64,64,0,237
2,56,10,3,46,19,2.875,2.875,0.0,1.0,1.0,1.0,0.0,1.0,559,559,17,17,0,304
2,57,10,3,31,20,2.96875,2.96875,0.0,1.0,1.96875,1.96875,0.0,1.0,413,413,65,65,0,232
2,58,10,3,41,27,2.984375,2.984375,0.0,1.0,1.0,1.0,0.0,1.0,541,541,129,129,0,303
2,59,10,3,31,21,2.9375,2.9375,0.0,1.0,1.875,1.875,0.0,1.0,417,417,32,32,0,235
2,60,10,3,32,17,2.9375,2.9375,0.0,1.0,1.75,1.75,0.0,1.0,411,411,32,32,0,228
2,61,10,3,24,15,2.9921875,2.9921875,0.0,1.0,1.0,1.0,0.0,1.0,323,323,257,257,0,182
2,62,10,3,30,20,2.96875,2.96875,0.0,1.0,2.93359375,2.703125,0.23046875,1.08526,403,403,64,64,1,227
2,63,10,3,29,11,2.875,2.875,0.0,1.0,2.578125,2.5625,0.015625,1.006098,357,357,17,17,1,195
2,64,10,3,31,15,2.96875,2.96875,0.0,1.0,1.0,1.0,0.0,1.0,393,393,64,64,0,217
2,65,10,3,38,19,2.875,2.875,0.0,1.0,1.875,1.875,0.0,1.0,479,479,16,16,0,264
2,66,10,3,37,20,2.9375,2.9375,0.0,1.0,1.0,1.0,0.0,1.0,473,473,33,33,0,262
2,67,10,3,33,20,2.96875,2.96875,0.0,1.0,1.9375,1.9375,0.0,1.0,433,433,65,65,0,242
2,68,10,3,43,18,2.9375,2.9375,0.0,1.0,1.0,1.0,0.0,1.0,525,525,33,33,0,286
2,69,10,3,32,19,2.984375,2.984375,0.0,1.0,1.984375,1.984375,0.0,1.0,419,419,129,129,0,234
2,70,10,3,37,22,2.9375,2.9375,0.0,1.0,1.9375,1.9375,0.0,1.0,481,481,33,33,0,268
2,71,10,3,42,18,2.5,2.5,0.0,1.0,1.0,1.0,0.0,1.0,515,515,5,5,0,281
2,72,10,3,25,18,2.8828125,2.875,0.0078125,1.002717,2.8828125,2.6875,0.1953125,1.072674,345,345,128,17,1,196
2,73,10,3,38,18,2.875,2.875,0.0,1.0,1.0,1.0,0.0,1.0,475,475,16,16,0,261
2,74,10,3,31,15,2.984375,2.984375,0.0,1.0,1.96875,1.96875,0.0,1.0,393,393,128,128,0,217
2,75,10,3,33,17,2.75,2.75,0.0,1.0,1.0,1.0,0.0,1.0,421,421,8,8,0,233
2,76,10,3,34,13,2.9375,2.9375,0.0,1.0,1.0,1.0,0.0,1.0,415,415,33,33,0,226
2,77,10,3,42,18,2.96875,2.96875,0.0,1.0,1.0,1.0,0.0,1.0,515,515,64,64,0,281
2,78,10,3,32,12,2.875,2.96875,-0.09375,0.968421,2.84375,2.96875,-0.125,0.957895,391,391,17,64,1,213
2,79,10,3,20,16,3.515625,3.515625,0.0,1.0,3.515625,3.515625,0.0,1.0,287,287,256,256,0,165
2,80,10,3,35,23,2.96875,2.96875,0.0,1.0,1.0,1.0,0.0,1.0,465,465,65,65,0,261
2,81,10,3,42,30,2.96875,2.96875,0.0,1.0,1.984375,1.984375,0.0,1.0,563,563,64,64,0,317
2,82,10,3,32,16,2.96875,2.96875,0.0,1.0,2.5546875,2.59375,-0.0390625,0.98494,407,407,65,65,1,225
2,83,10,3,35,19,2.875,2.875,0.0,1.0,1.0,1.0,0.0,1.0,449,449,16,16,0,249
2,84,10,3,29,19,2.9375,2.9375,0.0,1.0,1.875,1.875,0.0,1.0,389,389,33,33,0,219
2,85,10,3,32,25,2.875,2.875,0.0,1.0,1.875,1.875,0.0,1.0,443,443,16,16,0,252
2,86,10,3,34,15,2.96875,2.96875,0.0,1.0,1.0,1.0,0.0,1.0,423,423,64,64,0,232
2,87,10,3,27,17,2.9375,2.9375,0.0,1.0,1.0,1.0,0.0,1.0,361,361,32,32,0,203
2,88,10,3,16,14,3.0,2.75,0.25,1.090909,3.0,2.625,0.375,1.142857,239,239,85,9,1,139
2,89,10,3,26,12,3.158203125,3.31640625,-0.158203125,0.952297,3.158203125,3.31640625,-0.158203125,0.952297,331,331,512,512,1,183
2,90,10,3,28,13,2.875,2.875,0.0,1.0,1.875,1.875,0.0,1.0,355,355,17,17,0,196
2,91,10,3,38,16,2.9375,2.9375,0.0,1.0,1.0,1.0,0.0,1.0,467,467,32,32,0,255
2,92,10,3,42,26,2.96875,2.96875,0.0,1.0,2.783203125,2.6875,0.095703125,1.03561,547,547,64,64,1,305
2,93,10,3,33,21,3.0356445312,3.349609375,-0.3139648438,0.906268,3.0356445312,3.349609375,-0.3139648438,0.906268,437,437,1024,1024,1,245
2,94,10,3,29,18,2.9375,2.9375,0.0,1.0,1.0,1.0,0.0,1.0,385,385,32,32,0,216
2,95,10,3,40,18,2.96875,2.96875,0.0,1.0,1.96875,1.96875,0.0,1.0,495,495,64,64,0,271
2,96,10,3,39,25,2.875,2.875,0.0,1.0,1.9375,1.9375,0.0,1.0,513,513,17,17,0,287
2,97,10,3,37,25,2.875,2.875,0.0,1.0,1.0,1.0,0.0,1.0,493,493,16,16,0,277
2,98,10,3,31,17,2.96875,2.96875,0.0,1.0,1.9375,1.9375,0.0,1.0,401,401,64,64,0,223
2,99,10,3,40,26,2.984375,2.984375,0.0,1.0,1.984375,1.984375,0.0,1.0,527,527,128,128,0,295
2,100,10,3,34,18,2.9375,2.9375,0.0,1.0,1.0,1.0,0.0,1.0,435,435,32,32,0,241
2,101,10,3,24,17,2.9609375,3.1796875,-0.21875,0.931204,2.9609375,3.1796875,-0.21875,0.931204,331,331,164,256,1,188
2,102,10,3,29,17,2.984375,2.984375,0.0,1.0,1.5,1.5,0.0,1.0,381,381,128,128,0,213
2,103,10,3,27,18,2.96875,2.96875,0.0,1.0,1.0,1.0,0.0,1.0,365,365,64,64,0,206
2,104,10,3,36,20,2.984375,2.984375,0.0,1.0,1.0,1.0,0.0,1.0,463,463,129,129,0,257
2,105,10,3,40,19,2.9375,2.9375,0.0,1.0,1.0,1.0,0.0,1.0,499,499,32,32,0,274
2,106,10,3,17,10,2.75,2.75,0.0,1.0,1.875,1.875,0.0,1.0,233,233,8,8,0,132
2,107,10,3,34,20,2.75,2.75,0.0,1.0,1.0,1.0,0.0,1.0,443,443,8,8,0,247
2,108,10,3,36,25,2.9921875,2.9921875,0.0,1.0,2.890625,2.8359375,0.0546875,1.019284,483,483,256,256,1,272
2,109,10,3,34,20,2.875,2.875,0.0,1.0,1.0,1.0,0.0,1.0,443,443,17,17,0,247
2,110,10,3,35,21,2.96875,2.96875,0.0,1.0,1.0,1.0,0.0,1.0,457,457,65,65,0,255
2,111,10,3,29,17,2.9375,2.9375,0.0,1.0,1.96875,1.96875,0.0,1.0,381,381,33,33,0,213
2,112,10,3,22,16,3.8828125,3.75,0.1328125,1.035417,3.8828125,3.75,0.1328125,1.035417,307,307,184,170,1,175
2,113,10,3,31,17,2.9375,2.9375,0.0,1.0,1.0,1.0,0.0,1.0,401,401,32,32,0,223
2,114,10,3,43,19,2.984375,2.984375,0.0,1.0,1.0,1.0,0.0,1.0,529,529,128,128,0,289
2,115,10,3,27,19,2.75,2.75,0.0,1.0,1.0,1.0,0.0,1.0,369,369,9,9,0,209
2,116,10,3,21,8,3.181640625,2.96875,0.212890625,1.071711,3.181640625,2.828125,0.353515625,1.125,265,265,512,65,1,146
2,117,10,3,19,9,2.5,2.5,0.0,1.0,1.75,1.75,0.0,1.0,249,249,4,4,0,139
2,118,10,3,35,18,2.875,2.875,0.0,1.0,1.0,1.0,0.0,1.0,445,445,17,17,0,246
2,119,10,3,29,16,2.96875,2.96875,0.0,1.0,1.0,1.0,0.0,1.0,377,377,64,64,0,210
2,120,10,3,40,22,2.984375,2.984375,0.0,1.0,1.9921875,1.9921875,0.0,1.0,511,511,128,128,0,283
2,121,10,3,35,24,2.9921875,2.9921875,0.0,1.0,2.806640625,2.6875,0.119140625,1.044331,469,469,257,257,1,264
2,122,10,3,37,17,2.96875,2.96875,0.0,1.0,1.984375,1.984375,0.0,1.0,461,461,65,65,0,253
2,123,10,3,21,10,2.875,2.875,0.0,1.0,1.9375,1.9375,0.0,1.0,273,273,16,16,0,152
2,124,10,3,28,16,2.96875,2.96875,0.0,1.0,1.9375,1.9375,0.0,1.0,367,367,64,64,0,205
2,125,10,3,29,17,2.96875,2.96875,0.0,1.0,1.0,1.0,0.0,1.0,381,381,65,65,0,213
2,126,10,3,32,16,2.9375,2.9375,0.0,1.0,1.9375,1.9375,0.0,1.0,407,407,32,32,0,225
2,127,10,3,25,18,2.984375,2.984375,0.0,1.0,2.83203125,2.8359375,-0.00390625,0.998623,345,345,129,129,1,196
2,128,10,3,35,21,2.96875,2.96875,0.0,1.0,1.0,1.0,0.0,1.0,457,457,64,64,0,255
2,129,10,3,34,17,3.515625,3.515625,0.0,1.0,3.515625,3.515625,0.0,1.0,431,431,256,256,0,238
2,130,10,3,42,24,2.9921875,2.9921875,0.0,1.0,1.0,1.0,0.0,1.0,539,539,256,256,0,299
2,131,10,3,32,24,2.984375,2.984375,0.0,1.0,1.875,1.875,0.0,1.0,439,439,128,128,0,249
2,132,10,3,33,19,3.1015625,2.9375,0.1640625,1.055851,3.1015625,2.75,0.3515625,1.127841,429,429,256,33,1,239
2,133,10,3,31,16,2.9921875,2.9921875,0.0,1.0,1.875,1.875,0.0,1.0,397,397,257,257,0,220
2,134,10,3,33,12,2.984375,2.984375,0.0,1.0,1.984375,1.984375,0.0,1.0,401,401,128,128,0,218
2,135,10,3,43,25,2.9921875,2.9921875,0.0,1.0,1.0,1.0,0.0,1.0,553,553,256,256,0,307
2,136,10,3,30,15,2.875,2.875,0.0,1.0,1.875,1.875,0.0,1.0,383,383,17,17,0,212
2,137,10,3,39,27,2.96875,2.96875,0.0,1.0,1.875,1.875,0.0,1.0,521,521,64,64,0,293
2,138,10,3,30,16,2.875,2.875,0.0,1.0,1.9375,1.9375,0.0,1.0,387,387,16,16,0,215
2,139,10,3,34,22,2.9375,2.9375,0.0,1.0,1.9375,1.9375,0.0,1.0,451,451,32,32,0,253
2,140,10,3,51,27,2.984375,2.984375,0.0,1.0,1.0,1.0,0.0,1.0,641,641,129,129,0,353
2,141,10,3,18,9,4.6836547852,4.53125,0.1524047852,1.033634,4.6836547852,4.53125,0.1524047852,1.033634,239,239,1024,328,1,134
2,142,10,3,36,23,2.96875,2.96875,0.0,1.0,1.96875,1.96875,0.0,1.0,475,475,64,64,0,266
2,143,10,3,26,21,2.9375,2.9375,0.0,1.0,1.875,1.875,0.0,1.0,367,367,33,33,0,210
2,144,10,3,33,21,2.9375,2.9375,0.0,1.0,1.0,1.0,0.0,1.0,437,437,33,33,0,245
2,145,10,3,36,23,2.75,2.75,0.0,1.0,1.0,1.0,0.0,1.0,475,475,9,9,0,266
2,146,10,3,30,18,2.984375,2.984375,0.0,1.0,1.75,1.75,0.0,1.0,395,395,128,128,0,221
2,147,10,3,34,20,2.9375,2.9375,0.0,1.0,1.9375,1.9375,0.0,1.0,443,443,33,33,0,247
2,148,10,3,33,18,2.96875,3.109375,-0.140625,0.954774,2.859375,3.109375,-0.25,0.919598,425,425,65,128,1,236
2,149,10,3,31,18,2.875,2.875,0.0,1.0,1.875,1.875,0.0,1.0,405,405,16,16,0,226
2,150,10,3,43,23,2.875,2.875,0.0,1.0,1.0,1.0,0.0,1.0,545,545,16,16,0,301
2,151,10,3,35,19,2.9375,2.9375,0.0,1.0,1.96875,1.96875,0.0,1.0,449,449,33,33,0,249
2,152,10,3,37,18,2.9375,2.9375,0.0,1.0,1.0,1.0,0.0,1.0,465,465,33,33,0,256
2,153,10,3,37,23,2.96875,2.96875,0.0,1.0,1.0,1.0,0.0,1.0,485,485,65,65,0,271
2,154,10,3,27,12,2.9375,2.9375,0.0,1.0,1.0,1.0,0.0,1.0,341,341,33,33,0,188
2,155,10,3,30,17,2.875,2.875,0.0,1.0,1.9375,1.9375,0.0,1.0,391,391,16,16,0,218
2,156,10,3,40,19,2.9375,2.9375,0.0,1.0,1.0,1.0,0.0,1.0,499,499,32,32,0,274
2,157,10,3,25,15,2.75,2.75,0.0,1.0,1.875,1.875,0.0,1.0,333,333,9,9,0,187
2,158,10,3,39,24,2.96875,2.96875,0.0,1.0,1.0,1.0,0.0,1.0,509,509,65,65,0,284
2,159,10,3,33,16,2.875,2.875,0.0,1.0,1.0,1.0,0.0,1.0,417,417,16,16,0,230
2,160,10,3,38,27,2.984375,2.984375,0.0,1.0,1.875,1.875,0.0,1.0,511,511,128,128,0,288
2,161,10,3,20,10,2.9375,2.9375,0.0,1.0,2.9140625,2.6875,0.2265625,1.084302,263,263,32,32,1,147
2,162,10,3,34,18,2.75,2.75,0.0,1.0,1.0,1.0,0.0,1.0,435,435,9,9,0,241
2,163,10,3,26,14,2.96875,2.96875,0.0,1.0,1.875,1.875,0.0,1.0,339,339,65,65,0,189
2,164,10,3,35,21,2.984375,2.984375,0.0,1.0,1.875,1.875,0.0,1.0,457,457,128,128,0,255
2,165,10,3,30,15,2.9375,2.9375,0.0,1.0,1.0,1.0,0.0,1.0,383,383,32,32,0,212
2,166,10,3,25,17,2.875,2.875,0.0,1.0,1.875,1.875,0.0,1.0,341,341,16,16,0,193
2,167,10,3,21,11,2.75,2.75,0.0,1.0,1.75,1.75,0.0,1.0,277,277,8,8,0,155
2,168,10,3,32,17,2.96875,2.96875,0.0,1.0,1.9375,1.9375,0.0,1.0,411,411,64,64,0,228
2,169,10,3,38,23,2.9375,2.9375,0.0,1.0,1.875,1.875,0.0,1.0,495,495,33,33,0,276
2,170,10,3,30,17,2.9921875,2.9921875,0.0,1.0,2.8203125,2.71875,0.1015625,1.037356,391,391,256,256,1,218
2,171,10,3,51,31,2.96875,2.96875,0.0,1.0,1.0,1.0,0.0,1.0,657,657,65,65,0,365
2,172,10,3,41,27,2.875,2.875,0.0,1.0,1.0,1.0,0.0,1.0,541,541,16,16,0,303
2,173,10,3,27,14,2.875,2.875,0.0,1.0,1.875,1.875,0.0,1.0,349,349,17,17,0,194
2,174,10,3,33,16,2.9375,2.9375,0.0,1.0,1.875,1.875,0.0,1.0,417,417,33,33,0,230
2,175,10,3,25,18,2.96875,2.96875,0.0,1.0,1.875,1.875,0.0,1.0,345,345,64,64,0,196
2,176,10,3,23,14,2.96875,2.96875,0.0,1.0,1.96875,1.96875,0.0,1.0,309,309,64,64,0,174
2,177,10,3,40,19,2.9375,2.9375,0.0,1.0,1.96875,1.96875,0.0,1.0,499,499,33,33,0,274
2,178,10,3,35,25,2.96875,2.96875,0.0,1.0,1.875,1.875,0.0,1.0,473,473,64,64,0,267
2,179,10,3,28,20,2.875,2.875,0.0,1.0,1.9375,1.9375,0.0,1.0,383,383,17,17,0,217
2,180,10,3,25,12,2.96875,2.96875,0.0,1.0,1.875,1.875,0.0,1.0,321,321,64,64,0,178
2,181,10,3,34,15,2.984375,2.984375,0.0,1.0,1.75,1.75,0.0,1.0,423,423,129,129,0,232
2,182,10,3,42,21,2.99609375,2.99609375,0.0,1.0,1.0,1.0,0.0,1.0,527,527,512,512,0,290
2,183,10,3,31,23,3.1875,2.9375,0.25,1.085106,3.1875,2.8125,0.375,1.133333,425,425,285,32,1,241
2,184,10,3,32,11,2.96875,2.96875,0.0,1.0,1.875,1.875,0.0,1.0,387,387,65,65,0,210
2,185,10,3,27,16,4.125,3.765625,0.359375,1.095436,4.125,3.765625,0.359375,1.095436,357,357,512,176,1,200
2,186,10,3,38,19,2.99609375,2.99609375,0.0,1.0,1.998046875,1.998046875,0.0,1.0,479,479,513,513,0,264
2,187,10,3,29,18,2.984375,2.984375,0.0,1.0,1.875,1.875,0.0,1.0,385,385,128,128,0,216
2,188,10,3,25,15,2.875,2.875,0.0,1.0,1.875,1.875,0.0,1.0,333,333,17,17,0,187
2,189,10,3,35,20,2.875,2.875,0.0,1.0,1.0,1.0,0.0,1.0,453,453,17,17,0,252
2,190,10,3,32,16,3.3940429688,3.4921875,-0.0981445312,0.971896,3.3940429688,3.4921875,-0.0981445312,0.971896,407,407,251,256,1,225
2,191,10,3,34,22,2.9375,2.9375,0.0,1.0,1.75,1.75,0.0,1.0,451,451,32,32,0,253
2,192,10,3,37,20,2.984375,2.984375,0.0,1.0,1.0,1.0,0.0,1.0,473,473,128,128,0,262
2,193,10,3,33,19,2.96875,2.96875,0.0,1.0,2.3671875,2.40625,-0.0390625,0.983766,429,429,64,64,1,239
2,194,10,3,22,15,2.96875,2.96875,0.0,1.0,2.9619140625,2.828125,0.1337890625,1.047307,303,303,65,65,1,172
2,195,10,3,42,23,2.9375,2.9375,0.0,1.0,1.96875,1.96875,0.0,1.0,535,535,33,33,0,296
2,196,10,3,29,17,2.96875,2.96875,0.0,1.0,1.984375,1.984375,0.0,1.0,381,381,65,65,0,213
2,197,10,3,39,23,2.9375,2.9375,0.0,1.0,1.0,1.0,0.0,1.0,505,505,33,33,0,281
2,198,10,3,38,18,2.75,2.75,0.0,1.0,1.875,1.875,0.0,1.0,475,475,9,9,0,261
2,199,10,3,24,14,2.9375,2.9375,0.0,1.0,2.875,2.734375,0.140625,1.051429,319,319,33,33,1,179
3,0,10,7,73,32,2.96875,2.96875,0.0,1.0,1.0,1.0,0.0,1.0,905,905,64,64,0,498
3,1,10,7,65,36,3.48828125,3.28125,0.20703125,1.063095,3.48828125,3.28125,0.20703125,1.063095,841,841,178,80,1,470
3,2,10,7,51,25,4.259765625,4.2421875,0.017578125,1.004144,4.259765625,4.2421875,0.017578125,1.004144,657,657,428,288,1,367
3,3,10,7,58,32,2.96875,2.96875,0.0,1.0,2.640625,2.5625,0.078125,1.030488,755,755,64,64,1,423
3,4,10,7,72,45,2.984375,2.984375,0.0,1.0,1.875,1.875,0.0,1.0,947,947,128,128,0,532
3,5,10,7,64,35,2.9375,2.9375,0.0,1.0,1.96875,1.96875,0.0,1.0,827,827,33,33,0,462
3,6,10,7,61,33,4.0380859375,3.5625,0.4755859375,1.133498,4.0380859375,3.5625,0.4755859375,1.133498,789,789,512,152,1,441
3,7,10,7,67,31,2.96875,2.96875,0.0,1.0,1.0,1.0,0.0,1.0,841,841,65,65,0,465
3,8,10,7,58,32,3.5927734375,3.375,0.2177734375,1.064525,3.5927734375,3.375,0.2177734375,1.064525,755,755,256,91,1,423
3,9,10,7,67,36,3.5181274414,2.99609375,0.5220336914,1.174238,3.5181274414,2.8359375,0.6821899414,1.240552,861,861,944,512,1,480
3,10,10,7,76,36,2.9921875,2.9921875,0.0,1.0,2.7622070312,2.7265625,0.0356445312,1.013073,951,951,256,256,1,525
3,11,10,7,60,33,3.298828125,2.96875,0.330078125,1.111184,3.298828125,2.875,0.423828125,1.147418,779,779,1024,64,1,436
3,12,10,7,51,38,4.4196777344,4.1875,0.2321777344,1.055445,4.4196777344,4.1875,0.2321777344,1.055445,709,709,1024,432,1,406
3,13,10,7,61,43,4.2353515625,4.2265625,0.0087890625,1.002079,4.2353515625,4.2265625,0.0087890625,1.002079,829,829,512,320,1,471
3,14,10,7,62,35,2.875,2.875,0.0,1.0,1.875,1.875,0.0,1.0,807,807,17,17,0,452
3,15,10,7,52,33,3.0,2.9375,0.0625,1.021277,3.0,2.625,0.375,1.142857,699,699,85,33,1,396
3,16,10,7,61,41,2.96875,2.96875,0.0,1.0,1.9375,1.9375,0.0,1.0,821,821,64,64,0,465
3,17,10,7,88,46,2.984375,2.984375,0.0,1.0,1.9375,1.9375,0.0,1.0,1111,1111,128,128,0,615
3,18,10,7,67,41,2.9375,2.9375,0.0,1.0,2.71484375,2.65625,0.05859375,1.022059,881,881,32,32,1,495
3,19,10,7,61,33,3.8447265625,3.8515625,-0.0068359375,0.998225,3.8447265625,3.8515625,-0.0068359375,0.998225,789,789,416,288,1,441
3,20,10,7,69,47,2.96875,2.96875,0.0,1.0,1.984375,1.984375,0.0,1.0,925,925,64,64,0,523
3,21,10,7,66,39,2.9375,2.9375,0.0,1.0,2.65625,2.4375,0.21875,1.089744,863,863,32,32,1,484
3,22,10,7,52,30,2.9921875,2.9921875,0.0,1.0,2.88671875,2.8359375,0.05078125,1.017906,687,687,256,256,1,387
3,23,10,7,61,33,4.8090515137,4.7734375,0.0356140137,1.007461,4.8090515137,4.7734375,0.0356140137,1.007461,789,789,1024,672,1,441
3,24,10,7,66,32,2.96875,2.96875,0.0,1.0,1.96875,1.96875,0.0,1.0,835,835,64,64,0,463
3,25,10,7,59,35,3.814453125,3.671875,0.142578125,1.03883,3.814453125,3.671875,0.142578125,1.03883,777,777,220,136,1,437
3,26,10,7,69,35,3.3278808594,3.2109375,0.1169433594,1.03642,3.3278808594,3.2109375,0.1169433594,1.03642,877,877,512,323,1,487
3,27,10,7,65,42,2.984375,2.984375,0.0,1.0,1.9921875,1.9921875,0.0,1.0,865,865,129,129,0,488
3,28,10,7,67,34,3.739074707,3.6328125,0.106262207,1.029251,3.739074707,3.6328125,0.106262207,1.029251,853,853,1024,352,1,474
3,29,10,7,65,35,2.99609375,2.99609375,0.0,1.0,2.5546875,2.59375,-0.0390625,0.98494,837,837,512,512,1,467
3,30,10,7,47,29,5.3867492676,5.1640625,0.2226867676,1.043122,5.3867492676,5.1640625,0.2226867676,1.043122,633,633,510,512,1,359
3,31,10,7,56,32,4.0217285156,3.53125,0.4904785156,1.138897,4.0217285156,3.53125,0.4904785156,1.138897,735,735,1024,171,1,413
3,32,10,7,69,41,2.984375,2.984375,0.0,1.0,1.0,1.0,0.0,1.0,901,901,128,128,0,505
3,33,10,7,50,23,2.984375,2.984375,0.0,1.0,2.75,2.625,0.125,1.047619,639,639,128,128,1,356
3,34,10,7,62,34,3.6977539062,3.421875,0.2758789062,1.080622,3.6977539062,3.421875,0.2758789062,1.080622,803,803,470,152,1,449
3,35,10,7,60,31,4.09375,4.046875,0.046875,1.011583,4.09375,4.046875,0.046875,1.011583,771,771,428,176,1,430
3,36,10,7,64,30,2.96875,2.96875,0.0,1.0,1.96875,1.96875,0.0,1.0,807,807,64,64,0,447
3,37,10,7,62,30,2.984375,2.984375,0.0,1.0,2.875,2.625,0.25,1.095238,787,787,129,129,1,437
3,38,10,7,60,38,2.984375,2.984375,0.0,1.0,1.875,1.875,0.0,1.0,799,799,128,128,0,451
3,39,10,7,86,41,2.998046875,2.998046875,0.0,1.0,1.0,1.0,0.0,1.0,1071,1071,1024,1024,0,590
3,40,10,7,74,37,2.875,2.875,0.0,1.0,1.0,1.0,0.0,1.0,935,935,16,16,0,518
3,41,10,7,76,45,2.9375,2.9375,0.0,1.0,1.0,1.0,0.0,1.0,987,987,33,33,0,552
3,42,10,7,38,25,7.2101211548,6.94921875,0.2609024048,1.037544,7.2101211548,6.94921875,0.2609024048,1.037544,527,527,1024,640,1,302
3,43,10,7,57,36,2.9765625,2.96875,0.0078125,1.002632,2.9765625,2.6875,0.2890625,1.107558,761,761,128,64,1,430
3,44,10,7,85,47,2.984375,2.984375,0.0,1.0,1.984375,1.984375,0.0,1.0,1085,1085,128,128,0,603
3,45,10,7,56,30,2.984375,2.984375,0.0,1.0,2.751953125,2.8046875,-0.052734375,0.981198,727,727,129,129,1,407
3,46,10,7,61,36,2.984375,2.984375,0.0,1.0,2.453125,2.46875,-0.015625,0.993671,801,801,128,128,1,450
3,47,10,7,62,36,2.9375,2.9375,0.0,1.0,1.875,1.875,0.0,1.0,811,811,33,33,0,455
3,48,10,7,69,44,2.96875,2.96875,0.0,1.0,1.75,1.75,0.0,1.0,913,913,65,65,0,514
3,49,10,7,70,37,3.1572265625,2.9921875,0.1650390625,1.055157,3.1572265625,2.8515625,0.3056640625,1.107192,895,895,1024,256,1,498
3,50,10,7,79,42,2.9921875,2.9921875,0.0,1.0,2.802734375,2.8046875,-0.001953125,0.999304,1005,1005,256,256,1,558
3,51,10,7,55,34,3.7734375,3.734375,0.0390625,1.01046,3.7734375,3.734375,0.0390625,1.01046,733,733,189,144,1,414
3,52,10,7,69,40,2.96875,2.96875,0.0,1.0,1.0,1.0,0.0,1.0,897,897,64,64,0,502
3,53,10,7,60,26,2.984375,2.984375,0.0,1.0,2.853515625,2.796875,0.056640625,1.020251,751,751,129,129,1,415
3,54,10,7,59,39,2.96875,2.96875,0.0,1.0,1.984375,1.984375,0.0,1.0,793,793,65,65,0,449
3,55,10,7,64,37,2.9375,2.9375,0.0,1.0,2.875,2.625,0.25,1.095238,835,835,33,33,1,468
3,56,10,7,74,38,3.0229492188,2.984375,0.0385742188,1.012925,3.0229492188,2.84375,0.1791992188,1.063015,939,939,1024,128,1,521
3,57,10,7,75,45,2.9375,2.9375,0.0,1.0,1.0,1.0,0.0,1.0,977,977,33,33,0,547
3,58,10,7,68,35,2.99609375,2.99609375,0.0,1.0,1.99609375,1.99609375,0.0,1.0,867,867,512,512,0,482
3,59,10,7,53,32,2.96875,2.96875,0.0,1.0,2.71875,2.8125,-0.09375,0.966667,705,705,64,64,1,398
3,60,10,7,64,34,2.875,2.875,0.0,1.0,1.0,1.0,0.0,1.0,823,823,17,17,0,459
3,61,10,7,50,28,2.96875,2.96875,0.0,1.0,1.9375,1.9375,0.0,1.0,659,659,64,64,0,371
3,62,10,7,61,36,3.228515625,3.203125,0.025390625,1.007927,3.228515625,3.203125,0.025390625,1.007927,801,801,236,148,1,450
3,63,10,7,68,41,2.96875,2.96875,0.0,1.0,1.75,1.75,0.0,1.0,891,891,65,65,0,500
3,64,10,7,74,41,2.984375,2.984375,0.0,1.0,1.0,1.0,0.0,1.0,951,951,129,129,0,530
3,65,10,7,78,52,2.96875,2.96875,0.0,1.0,1.9375,1.9375,0.0,1.0,1035,1035,64,64,0,583
3,66,10,7,54,36,3.28125,3.28125,0.0,1.0,3.28125,3.28125,0.0,1.0,731,731,128,128,0,415
3,67,10,7,61,38,3.4321289062,3.3125,0.1196289062,1.036114,3.4321289062,3.3125,0.1196289062,1.036114,809,809,256,117,1,456
3,68,10,7,65,28,2.99609375,2.99609375,0.0,1.0,1.9375,1.9375,0.0,1.0,809,809,512,512,0,446
3,69,10,7,66,34,5.0425796509,4.875,0.1675796509,1.034375,5.0425796509,4.875,0.1675796509,1.034375,843,843,1023,470,1,469
3,70,10,7,65,40,4.0249023438,3.65625,0.3686523438,1.100828,4.0249023438,3.65625,0.3686523438,1.100828,857,857,1024,202,1,482
3,71,10,7,68,35,2.9921875,2.9921875,0.0,1.0,1.0,1.0,0.0,1.0,867,867,256,256,0,482
3,72,10,7,74,41,2.75,2.75,0.0,1.0,1.0,1.0,0.0,1.0,951,951,9,9,0,530
3,73,10,7,61,39,4.2004394531,4.3203125,-0.1198730469,0.972254,4.2004394531,4.3203125,-0.1198730469,0.972254,813,813,512,512,1,459
3,74,10,7,60,32,2.875,2.875,0.0,1.0,1.875,1.875,0.0,1.0,775,775,17,17,0,433
3,75,10,7,40,26,4.0234375,3.5625,0.4609375,1.129386,4.0234375,3.5625,0.4609375,1.129386,551,551,256,76,1,315
3,76,10,7,62,29,2.96875,2.96875,0.0,1.0,1.96875,1.96875,0.0,1.0,783,783,65,65,0,434
3,77,10,7,84,53,2.9921875,2.9921875,0.0,1.0,1.9921875,1.9921875,0.0,1.0,1099,1099,257,257,0,616
3,78,10,7,70,37,2.984375,2.984375,0.0,1.0,1.984375,1.984375,0.0,1.0,895,895,128,128,0,498
3,79,10,7,49,31,3.0625,3.0625,0.0,1.0,3.0625,3.0625,0.0,1.0,661,661,64,64,0,375
3,80,10,7,59,38,4.52734375,4.4921875,0.03515625,1.007826,4.52734375,4.4921875,0.03515625,1.007826,789,789,428,320,1,446
3,81,10,7,84,48,2.984375,2.984375,0.0,1.0,1.0,1.0,0.0,1.0,1079,1079,128,128,0,601
3,82,10,7,62,36,2.9375,2.9375,0.0,1.0,2.34375,2.375,-0.03125,0.986842,811,811,33,33,1,455
3,83,10,7,61,31,2.96875,2.96875,0.0,1.0,1.9375,1.9375,0.0,1.0,781,781,64,64,0,435
3,84,10,7,58,29,5.3292236328,5.3125,0.0167236328,1.003148,5.3292236328,5.3125,0.0167236328,1.003148,743,743,1022,756,1,414
3,85,10,7,85,40,2.984375,2.984375,0.0,1.0,2.9697265625,2.828125,0.1416015625,1.050069,1057,1057,128,128,1,582
3,86,10,7,57,26,5.6205368042,4.703125,0.9174118042,1.195064,5.6205368042,4.703125,0.9174118042,1.195064,721,721,1024,284,1,400
3,87,10,7,58,36,2.96875,2.96875,0.0,1.0,1.875,1.875,0.0,1.0,771,771,64,64,0,435
3,88,10,7,63,36,2.984375,2.984375,0.0,1.0,1.0,1.0,0.0,1.0,821,821,129,129,0,460
3,89,10,7,79,42,3.03125,3.2265625,-0.1953125,0.939467,3.03125,3.2265625,-0.1953125,0.939467,1005,1005,172,256,1,558
3,90,10,7,56,32,4.1376953125,3.625,0.5126953125,1.141433,4.1376953125,3.625,0.5126953125,1.141433,735,735,813,173,1,413
3,91,10,7,62,39,2.9375,2.9375,0.0,1.0,2.90625,2.6875,0.21875,1.081395,823,823,32,32,1,464
3,92,10,7,74,40,2.96875,2.96875,0.0,1.0,1.96875,1.96875,0.0,1.0,947,947,64,64,0,527
3,93,10,7,77,49,2.96875,2.96875,0.0,1.0,1.96875,1.96875,0.0,1.0,1013,1013,64,64,0,569
3,94,10,7,49,34,5.6003112793,5.03125,0.5690612793,1.113105,5.6003112793,5.03125,0.5690612793,1.113105,673,673,1001,208,1,384
3,95,10,7,76,35,2.9375,2.9375,0.0,1.0,1.9375,1.9375,0.0,1.0,947,947,32,32,0,522
3,96,10,7,44,24,3.27734375,3.125,0.15234375,1.04875,3.27734375,3.125,0.15234375,1.04875,583,583,128,47,1,329
3,97,10,7,57,37,3.7216796875,3.421875,0.2998046875,1.087614,3.7216796875,3.421875,0.2998046875,1.087614,765,765,470,152,1,433
3,98,10,7,63,36,3.9697265625,4.205078125,-0.2353515625,0.944032,3.9697265625,4.205078125,-0.2353515625,0.944032,821,821,802,1024,1,460
3,99,10,7,79,48,2.984375,2.984375,0.0,1.0,1.9921875,1.9921875,0.0,1.0,1029,1029,129,129,0,576
3,100,10,7,79,37,2.962890625,2.9375,0.025390625,1.008644,2.962890625,2.8125,0.150390625,1.053472,985,985,312,33,1,543
3,101,10,7,63,44,2.984375,2.984375,0.0,1.0,2.771484375,2.71875,0.052734375,1.019397,853,853,128,128,1,484
3,102,10,7,57,32,3.322265625,3.0,0.322265625,1.107422,3.322265625,3.0,0.322265625,1.107422,745,745,122,50,1,418
3,103,10,7,60,35,3.517578125,3.3125,0.205078125,1.06191,3.517578125,3.3125,0.205078125,1.06191,787,787,190,80,1,442
3,104,10,7,64,31,5.0517578125,5.236328125,-0.1845703125,0.964752,5.0517578125,5.236328125,-0.1845703125,0.964752,811,811,850,1024,1,450
3,105,10,7,68,33,2.96875,2.96875,0.0,1.0,2.4375,2.6875,-0.25,0.906977,859,859,64,64,1,476
3,106,10,7,62,33,5.7133789062,4.8828125,0.8305664062,1.1701,5.7133789062,4.8828125,0.8305664062,1.1701,799,799,1022,1024,1,446
3,107,10,7,69,32,2.96875,2.96875,0.0,1.0,1.984375,1.984375,0.0,1.0,865,865,64,64,0,478
3,108,10,7,51,35,4.642578125,4.90625,-0.263671875,0.946258,4.642578125,4.90625,-0.263671875,0.946258,697,697,404,512,1,397
3,109,10,7,67,40,2.9375,2.9375,0.0,1.0,1.9375,1.9375,0.0,1.0,877,877,32,32,0,492
3,110,10,7,63,42,2.984375,2.984375,0.0,1.0,2.837890625,2.796875,0.041015625,1.014665,845,845,128,128,1,478
3,111,10,7,77,43,2.96875,2.96875,0.0,1.0,1.0,1.0,0.0,1.0,989,989,64,64,0,551
3,112,10,7,60,36,3.1640625,3.5078125,-0.34375,0.902004,3.1640625,3.5078125,-0.34375,0.902004,791,791,256,256,1,445
3,113,10,7,55,32,4.4025878906,3.7734375,0.6291503906,1.166731,4.4025878906,3.7734375,0.6291503906,1.166731,725,725,512,264,1,408
3,114,10,7,66,31,2.96875,2.96875,0.0,1.0,2.8125,2.625,0.1875,1.071429,831,831,64,64,1,460
3,115,10,7,55,34,3.212890625,2.9375,0.275390625,1.09375,3.212890625,2.84375,0.369140625,1.129808,733,733,512,33,1,414
3,116,10,7,70,35,2.96875,2.96875,0.0,1.0,1.96875,1.96875,0.0,1.0,887,887,64,64,0,492
3,117,10,7,66,35,2.984375,2.984375,0.0,1.0,1.96875,1.96875,0.0,1.0,847,847,128,128,0,472
3,118,10,7,74,40,3.7866210938,3.4375,0.3491210938,1.101562,3.7866210938,3.4375,0.3491210938,1.101562,947,947,394,125,1,527
3,119,10,7,79,42,2.9375,2.9375,0.0,1.0,1.0,1.0,0.0,1.0,1005,1005,32,32,0,558
3,120,10,7,64,38,2.9375,2.9375,0.0,1.0,2.3828125,2.375,0.0078125,1.003289,839,839,32,32,1,471
3,121,10,7,59,31,2.9375,2.9375,0.0,1.0,1.875,1.875,0.0,1.0,761,761,33,33,0,425
3,122,10,7,62,40,3.19921875,3.54296875,-0.34375,0.902977,3.19921875,3.54296875,-0.34375,0.902977,827,827,296,512,1,467
3,123,10,7,61,36,3.607421875,3.34375,0.263671875,1.078855,3.607421875,3.34375,0.263671875,1.078855,801,801,230,88,1,450
3,124,10,7,72,40,2.96875,2.96875,0.0,1.0,1.875,1.875,0.0,1.0,927,927,65,65,0,517
3,125,10,7,65,43,2.875,2.875,0.0,1.0,1.875,1.875,0.0,1.0,869,869,17,17,0,491
3,126,10,7,68,37,2.96875,2.96875,0.0,1.0,1.9375,1.9375,0.0,1.0,875,875,64,64,0,488
3,127,10,7,74,49,2.9921875,2.9921875,0.0,1.0,2.888671875,2.8359375,0.052734375,1.018595,983,983,256,256,1,554
3,128,10,7,56,31,2.875,2.875,0.0,1.0,2.71875,2.5,0.21875,1.0875,731,731,16,16,1,410
3,129,10,7,62,38,3.201171875,3.09375,0.107421875,1.034722,3.201171875,3.09375,0.107421875,1.034722,819,819,256,70,1,461
3,130,10,7,55,27,3.78125,3.375,0.40625,1.12037,3.78125,3.375,0.40625,1.12037,705,705,194,88,1,393
3,131,10,7,78,42,2.984375,2.984375,0.0,1.0,2.8828125,2.8359375,0.046875,1.016529,995,995,129,129,1,553
3,132,10,7,80,34,2.9921875,2.9921875,0.0,1.0,2.7734375,2.71875,0.0546875,1.020115,983,983,257,257,1,539
3,133,10,7,45,24,4.8464355469,4.3828125,0.4636230469,1.105782,4.8464355469,4.3828125,0.4636230469,1.105782,593,593,958,292,1,334
3,134,10,7,39,29,3.9975585938,4.25,-0.2524414062,0.940602,3.9975585938,4.25,-0.2524414062,0.940602,553,553,438,272,1,319
3,135,10,7,77,34,2.984375,2.984375,0.0,1.0,1.9921875,1.9921875,0.0,1.0,953,953,129,129,0,524
3,136,10,7,66,36,2.96875,2.96875,0.0,1.0,1.875,1.875,0.0,1.0,851,851,64,64,0,475
3,137,10,7,74,38,3.04296875,2.9375,0.10546875,1.035904,3.04296875,2.78125,0.26171875,1.094101,939,939,256,32,1,521
3,138,10,7,77,53,2.984375,2.984375,0.0,1.0,1.96875,1.96875,0.0,1.0,1029,1029,128,128,0,581
3,139,10,7,65,35,3.00390625,2.96875,0.03515625,1.011842,3.00390625,2.78125,0.22265625,1.080056,837,837,256,64,1,467
3,140,10,7,70,45,2.99609375,2.99609375,0.0,1.0,1.0,1.0,0.0,1.0,927,927,513,513,0,522
3,141,10,7,59,27,2.875,2.875,0.0,1.0,2.65625,2.5,0.15625,1.0625,745,745,16,16,1,413
3,142,10,7,56,30,3.7138671875,3.8046875,-0.0908203125,0.976129,3.7138671875,3.8046875,-0.0908203125,0.976129,727,727,256,256,1,407
3,143,10,7,58,27,5.4269008636,5.44921875,-0.0223178864,0.995904,5.4269008636,5.44921875,-0.0223178864,0.995904,735,735,1024,700,1,408
3,144,10,7,57,38,4.5361328125,4.21875,0.3173828125,1.075231,4.5361328125,4.21875,0.3173828125,1.075231,769,769,512,130,1,436
3,145,10,7,60,26,4.63671875,4.3125,0.32421875,1.075181,4.63671875,4.3125,0.32421875,1.075181,751,751,386,212,1,415
3,146,10,7,47,26,3.06640625,2.96875,0.09765625,1.032895,3.06640625,2.78125,0.28515625,1.102528,621,621,256,64,1,350
3,147,10,7,74,50,2.9921875,2.9921875,0.0,1.0,1.0,1.0,0.0,1.0,987,987,257,257,0,557
3,148,10,7,62,35,4.2416992188,4.1640625,0.0776367188,1.018644,4.2416992188,4.1640625,0.0776367188,1.018644,807,807,512,320,1,452
3,149,10,7,68,39,2.984375,2.984375,0.0,1.0,1.9375,1.9375,0.0,1.0,883,883,129,129,0,494
3,150,10,7,60,35,2.96875,2.96875,0.0,1.0,2.84375,2.96875,-0.125,0.957895,787,787,65,65,1,442
3,151,10,7,66,37,2.96875,2.96875,0.0,1.0,2.8828125,2.78125,0.1015625,1.036517,855,855,64,64,1,478
3,152,10,7,47,25,4.2861328125,3.890625,0.3955078125,1.101657,4.2861328125,3.890625,0.3955078125,1.101657,617,617,438,152,1,347
3,153,10,7,67,36,3.7572021484,3.5703125,0.1868896484,1.052345,3.7572021484,3.5703125,0.1868896484,1.052345,861,861,1024,423,1,480
3,154,10,7,52,27,2.9375,2.9375,0.0,1.0,1.875,1.875,0.0,1.0,675,675,33,33,0,378
3,155,10,7,61,42,2.96875,2.96875,0.0,1.0,2.7578125,2.71875,0.0390625,1.014368,825,825,64,64,1,468
3,156,10,7,72,30,2.96875,2.96875,0.0,1.0,1.9375,1.9375,0.0,1.0,887,887,65,65,0,487
3,157,10,7,70,40,2.9921875,2.9921875,0.0,1.0,2.853515625,2.7265625,0.126953125,1.046562,907,907,256,256,1,507
3,158,10,7,71,33,3.8828125,3.546875,0.3359375,1.094714,3.8828125,3.546875,0.3359375,1.094714,889,889,456,176,1,491
3,159,10,7,72,51,2.984375,2.984375,0.0,1.0,1.0,1.0,0.0,1.0,971,971,129,129,0,550
3,160,10,7,68,28,2.96875,3.109375,-0.140625,0.954774,2.859375,3.109375,-0.25,0.919598,839,839,65,128,1,461
3,161,10,7,72,41,2.96875,2.96875,0.0,1.0,1.96875,1.96875,0.0,1.0,931,931,64,64,0,520
3,162,10,7,61,38,4.8173217773,4.328125,0.4891967773,1.113027,4.8173217773,4.328125,0.4891967773,1.113027,809,809,1024,352,1,456
3,163,10,7,66,39,3.9521484375,4.1953125,-0.2431640625,0.942039,3.9521484375,4.1953125,-0.2431640625,0.942039,863,863,464,512,1,484
3,164,10,7,52,32,2.96875,2.96875,0.0,1.0,2.828125,2.734375,0.09375,1.034286,695,695,64,64,1,393
3,165,10,7,80,49,2.9375,2.9375,0.0,1.0,1.96875,1.96875,0.0,1.0,1043,1043,32,32,0,584
3,166,10,7,71,46,2.984375,2.984375,0.0,1.0,2.7578125,2.65625,0.1015625,1.038235,941,941,128,128,1,530
3,167,10,7,51,29,3.37109375,3.0625,0.30859375,1.100765,3.37109375,3.0625,0.30859375,1.100765,673,673,128,48,1,379
3,168,10,7,58,27,2.96875,2.96875,0.0,1.0,2.736328125,2.703125,0.033203125,1.012283,735,735,65,65,1,408
3,169,10,7,76,46,2.984375,2.984375,0.0,1.0,2.71875,2.96875,-0.25,0.915789,991,991,128,128,1,555
3,170,10,7,72,31,2.984375,2.984375,0.0,1.0,1.9921875,1.9921875,0.0,1.0,891,891,129,129,0,490
3,171,10,7,60,34,3.47265625,3.0625,0.41015625,1.133929,3.47265625,3.0625,0.41015625,1.133929,783,783,220,49,1,439
3,172,10,7,66,38,2.96875,2.96875,0.0,1.0,2.845703125,2.796875,0.048828125,1.017458,859,859,65,65,1,481
3,173,10,7,57,30,2.96875,3.1640625,-0.1953125,0.938272,2.6953125,3.1640625,-0.46875,0.851852,737,737,64,256,1,412
3,174,10,7,50,33,2.984375,2.984375,0.0,1.0,2.61328125,2.734375,-0.12109375,0.955714,679,679,128,128,1,386
3,175,10,7,66,35,3.94921875,3.3125,0.63671875,1.192217,3.94921875,3.3125,0.63671875,1.192217,847,847,416,65,1,472
3,176,10,7,58,32,4.3430175781,3.9375,0.4055175781,1.102989,4.3430175781,3.9375,0.4055175781,1.102989,755,755,506,159,1,423
3,177,10,7,69,40,2.9921875,2.9921875,0.0,1.0,2.7041015625,2.7109375,-0.0068359375,0.997478,897,897,256,256,1,502
3,178,10,7,60,38,2.9375,2.9375,0.0,1.0,2.828125,2.90625,-0.078125,0.973118,799,799,32,32,1,451
3,179,10,7,74,46,2.96875,2.96875,0.0,1.0,2.89453125,2.78125,0.11328125,1.04073,971,971,64,64,1,545
3,180,10,7,53,38,4.0625,3.65625,0.40625,1.111111,4.0625,3.65625,0.40625,1.111111,729,729,256,88,1,416
3,181,10,7,69,34,2.9921875,2.9921875,0.0,1.0,2.7783203125,2.83984375,-0.0615234375,0.978336,873,873,257,257,1,484
3,182,10,7,66,37,3.318359375,3.724609375,-0.40625,0.890928,3.318359375,3.724609375,-0.40625,0.890928,855,855,560,1024,1,478
3,183,10,7,47,29,3.255859375,3.46875,-0.212890625,0.938626,3.255859375,3.46875,-0.212890625,0.938626,633,633,128,128,1,359
3,184,10,7,72,41,4.1533203125,3.984375,0.1689453125,1.042402,4.1533203125,3.984375,0.1689453125,1.042402,931,931,512,272,1,520
3,185,10,7,76,43,2.9921875,2.9921875,0.0,1.0,1.875,1.875,0.0,1.0,979,979,257,257,0,546
3,186,10,7,76,39,2.984375,2.984375,0.0,1.0,1.0,1.0,0.0,1.0,963,963,129,129,0,534
3,187,10,7,75,34,2.875,2.875,0.0,1.0,1.875,1.875,0.0,1.0,933,933,17,17,0,514
3,188,10,7,68,44,2.96875,2.96875,0.0,1.0,1.9375,1.9375,0.0,1.0,903,903,64,64,0,509
3,189,10,7,56,28,4.3037109375,5.1640625,-0.8603515625,0.833396,4.3037109375,5.1640625,-0.8603515625,0.833396,719,719,320,512,1,401
3,190,10,7,56,37,5.1250228882,5.03125,0.0937728882,1.018638,5.1250228882,5.03125,0.0937728882,1.018638,755,755,512,367,1,428
3,191,10,7,69,48,2.96875,2.96875,0.0,1.0,2.578125,2.5625,0.015625,1.006098,929,929,65,65,1,526
3,192,10,7,55,33,3.4453125,3.5859375,-0.140625,0.960784,3.4453125,3.5859375,-0.140625,0.960784,729,729,211,256,1,411
3,193,10,7,51,29,5.6745071411,5.625,0.0495071411,1.008801,5.6745071411,5.625,0.0495071411,1.008801,673,673,1020,576,1,379
3,194,10,7,77,41,2.984375,2.984375,0.0,1.0,1.984375,1.984375,0.0,1.0,981,981,128,128,0,545
3,195,10,7,68,38,2.9375,2.9375,0.0,1.0,1.9375,1.9375,0.0,1.0,879,879,32,32,0,491
3,196,10,7,82,44,2.96875,2.96875,0.0,1.0,2.65625,2.671875,-0.015625,0.994152,1043,1043,65,65,1,579
3,197,10,7,66,37,2.96875,2.96875,0.0,1.0,2.71875,2.96875,-0.25,0.915789,855,855,65,65,1,478
3,198,10,7,65,35,4.7722930908,4.265625,0.5066680908,1.118779,4.7722930908,4.265625,0.5066680908,1.118779,837,837,1024,266,1,467
3,199,10,7,48,31,2.984375,3.390625,-0.40625,0.880184,2.984375,3.390625,-0.40625,0.880184,651,651,128,128,1,370
4,0,10,15,137,79,6.0992507935,6.16796875,-0.0687179565,0.988859,6.0992507935,6.16796875,-0.0687179565,0.988859,1781,1781,1024,688,1,999
4,1,10,15,104,52,6.779624939,6.0234375,0.756187439,1.125541,6.779624939,6.0234375,0.756187439,1.125541,1343,1343,1024,391,1,753
4,2,10,15,132,78,5.149064064,5.0,0.149064064,1.029813,5.149064064,5.0,0.149064064,1.029813,1727,1727,1022,267,1,971
4,3,10,15,120,72,6.4888241887,6.36328125,0.1255429387,1.019729,6.4888241887,6.36328125,0.1255429387,1.019729,1583,1583,1024,672,1,893
4,4,10,15,117,71,6.1959133148,5.93359375,0.2623195648,1.044209,6.1959133148,5.93359375,0.2623195648,1.044209,1549,1549,1024,570,1,875
4,5,10,15,148,81,4.7832641602,4.5234375,0.2598266602,1.05744,4.7832641602,4.5234375,0.2598266602,1.05744,1899,1899,1024,352,1,1060
4,6,10,15,127,65,4.9226074219,5.1015625,-0.1789550781,0.964922,4.9226074219,5.1015625,-0.1789550781,0.964922,1625,1625,512,320,1,907
4,7,10,15,136,85,4.23828125,3.859375,0.37890625,1.098178,4.23828125,3.859375,0.37890625,1.098178,1795,1795,370,152,1,1012
4,8,10,15,134,75,2.984375,2.984375,0.0,1.0,1.875,1.875,0.0,1.0,1735,1735,128,128,0,972
4,9,10,15,113,70,6.014673233,5.7109375,0.303735733,1.053185,6.014673233,5.7109375,0.303735733,1.053185,1505,1505,1024,421,1,852
4,10,10,15,125,78,3.40234375,3.0,0.40234375,1.134115,3.40234375,3.0,0.40234375,1.134115,1657,1657,128,31,1,936
4,11,10,15,119,65,7.443769455,7.630859375,-0.18708992,0.975482,7.443769455,7.630859375,-0.18708992,0.975482,1545,1545,1024,1024,1,867
4,12,10,15,124,77,2.9375,2.9375,0.0,1.0,1.875,1.875,0.0,1.0,1643,1643,33,33,0,928
4,13,10,15,126,70,6.3519134521,6.43359375,-0.0816802979,0.987304,6.3519134521,6.43359375,-0.0816802979,0.987304,1635,1635,1022,672,1,917
4,14,10,15,131,89,3.9991455078,3.8671875,0.1319580078,1.034122,3.9991455078,3.8671875,0.1319580078,1.034122,1761,1761,512,276,1,999
4,15,10,15,127,75,3.9873046875,4.140625,-0.1533203125,0.962972,3.9873046875,4.140625,-0.1533203125,0.962972,1665,1665,316,288,1,937
4,16,10,15,110,73,3.470703125,3.4375,0.033203125,1.009659,3.470703125,3.4375,0.033203125,1.009659,1487,1487,256,144,1,846
4,17,10,15,121,73,6.0376281738,5.34765625,0.6899719238,1.129023,6.0376281738,5.34765625,0.6899719238,1.129023,1597,1597,1024,534,1,901
